Cruel Summer,0.551999986171722,0.702000021934509,-5.70699977874756,1,0.157000005245209,0.116999998688698,2.06000004254747E-05,0.104999996721745,0.564000010490417,169.994003295898,0,99,1,1,00:02:58.0000000
Lover,0.358999997377396,0.542999982833862,-7.58199977874756,1,0.091899998486042,0.492000013589859,1.58000002556946E-05,0.118000000715256,0.453000009059906,68.5339965820313,0,93,2,2,00:03:41.0000000
Don’t Blame Me,0.615000009536743,0.533999979496002,-6.7189998626709,0,0.0386000014841557,0.105999998748302,1.75999994098675E-05,0.060699999332428,0.193000003695488,135.917007446289,0,92,3,3,00:03:56.0000000
Look What You Made Me Do,0.765999972820282,0.708999991416931,-6.47100019454956,0,0.123000003397465,0.203999996185303,1.41000000439817E-05,0.126000002026558,0.505999982357025,128.070007324219,0,88,4,4,00:03:31.0000000
Delicate,0.75,0.404000014066696,-10.1780004501343,0,0.0681999996304512,0.216000005602837,0.000357000011717901,0.0910999998450279,0.0498999990522861,95.0449981689453,0,88,4,4,00:03:52.0000000
Getaway Car,0.561999976634979,0.689000010490417,-6.74499988555908,1,0.127000004053116,0.00465000001713634,2.23000006371876E-06,0.0887999981641769,0.351000010967255,172.054000854492,0,87,6,5,00:03:53.0000000
...Ready For It?,0.612999975681305,0.763999998569489,-6.50899982452393,1,0.136000007390976,0.0527000017464161,0,0.196999996900558,0.416999995708466,160.014999389648,0,87,6,5,00:03:28.0000000
The Man,0.77700001001358,0.657999992370605,-5.19099998474121,1,0.0540000014007092,0.0767000019550323,0,0.09009999781847,0.633000016212463,110.047996520996,0,87,6,5,00:03:10.0000000
Enchanted (Taylor's Version),0.504999995231628,0.532000005245209,-3.52600002288818,1,0.0264999996870756,0.0120000001043081,0,0.149000003933907,0.216000005602837,81.9069976806641,0,86,9,6,00:05:53.0000000
You Belong With Me (Taylor’s Version),0.632000029087067,0.773000001907349,-4.85599994659424,1,0.0346000008285046,0.0623000003397465,0,0.0885000005364418,0.474000006914139,130.033004760742,0,86,9,6,00:03:51.0000000
Paper Rings,0.810999989509583,0.718999981880188,-6.55299997329712,1,0.0496999993920326,0.0129000004380941,1.35999998747138E-05,0.0741999968886375,0.865000009536743,103.978996276855,0,86,9,6,00:03:42.0000000
I Don’t Wanna Live Forever (Fifty Shades Darker),0.731000006198883,0.444999992847443,-8.41800022125244,1,0.0533000007271767,0.0586000010371208,1.9600000086939E-05,0.140000000596046,0.105999998748302,117.970001220703,0,86,9,6,00:04:07.0000000
You Need To Calm Down,0.771000027656555,0.671000003814697,-5.61700010299683,1,0.0553000010550022,0.00929000042378902,0,0.0636999979615211,0.71399998664856,85.0260009765625,0,85,13,7,00:02:51.0000000
Daylight,0.556999981403351,0.495999991893768,-9.60200023651123,1,0.0562999993562698,0.808000028133392,0.000172999993083067,0.0772000029683113,0.264999985694885,149.983001708984,0,85,13,7,00:04:53.0000000
Miss Americana & The Heartbreak Prince,0.662000000476837,0.746999979019165,-6.92600011825562,0,0.0736000016331673,0.0280000008642673,0.00614999979734421,0.137999996542931,0.486999988555908,150.087997436523,0,84,15,8,00:03:54.0000000
The Archer,0.291999995708466,0.574000000953674,-9.375,1,0.0401000007987022,0.119999997317791,0.00569000001996756,0.0662999972701073,0.165999993681908,124.34400177002,0,84,15,8,00:03:31.0000000
right where you left me - bonus track,0.580999970436096,0.619000017642975,-6.52400016784668,1,0.0282000005245209,0.768999993801117,0.000105999999505002,0.116999998688698,0.644999980926514,137.914993286133,0,83,17,9,00:04:05.0000000
I Did Something Bad,0.695999979972839,0.601999998092651,-6.1560001373291,0,0.158999994397163,0.0679000020027161,2.11000005947426E-05,0.0696000009775162,0.305000007152557,82.9889984130859,0,83,17,9,00:03:58.0000000
Gorgeous,0.800000011920929,0.535000026226044,-6.68400001525879,1,0.135000005364418,0.0712999999523163,9.47999978961889E-06,0.212999999523163,0.45100000500679,92.0270004272461,0,83,17,9,00:03:29.0000000
Love Story (Taylor’s Version),0.626999974250793,0.791999995708466,-4.31099987030029,1,0.0309999994933605,0.129999995231628,3.96999985241564E-06,0.0844999998807907,0.41499999165535,119.054000854492,0,83,17,9,00:03:55.0000000
Fearless (Taylor’s Version),0.569000005722046,0.74099999666214,-4.96299982070923,1,0.0282000005245209,0.0121999997645617,0,0.333000004291534,0.430000007152557,100.11799621582,0,83,17,9,00:04:01.0000000
Back To December (Taylor's Version),0.497000008821487,0.634999990463257,-3.92700004577637,1,0.0273000001907349,0.00620999978855252,0,0.116999998688698,0.202999994158745,142.063003540039,0,83,17,9,00:04:54.0000000
I Can See You (Taylor’s Version) (From The Vault),0.694000005722046,0.763999998569489,-4.89300012588501,1,0.0337000004947186,0.0586000010371208,0,0.0608000010251999,0.819000005722046,123.043998718262,0,83,17,9,00:04:33.0000000
Dress,0.718999981880188,0.46900001168251,-8.79199981689453,1,0.0533000007271767,0.0329000018537045,0,0.168999999761581,0.0851000025868416,120.084999084473,0,82,24,10,00:03:50.0000000
Mine (Taylor's Version),0.646000027656555,0.782999992370605,-2.84599995613098,1,0.0355999991297722,0.00443999981507659,1.37999995786231E-06,0.171000003814697,0.490000009536743,121.080001831055,0,82,24,10,00:03:51.0000000
The Way I Loved You (Taylor’s Version),0.40200001001358,0.73199999332428,-4.66499996185303,1,0.0483999997377396,0.00329999998211861,0,0.108000002801418,0.472000002861023,161.031997680664,0,82,24,10,00:04:03.0000000
Afterglow,0.755999982357025,0.449000000953674,-8.74600028991699,1,0.034400001168251,0.129999995231628,0,0.114000000059605,0.398999989032745,111.011001586914,0,82,24,10,00:03:43.0000000
Call It What You Want,0.59799998998642,0.504000008106232,-9.87399959564209,1,0.0731000006198883,0.186000004410744,0.000220999994780868,0.340000003576279,0.252000004053116,163.953994750977,0,82,24,10,00:03:23.0000000
End Game,0.648999989032745,0.58899998664856,-6.23699998855591,1,0.0557999983429909,0.00844999961555004,0,0.108000002801418,0.150999993085861,159.072998046875,0,82,24,10,00:04:04.0000000
ME! (feat. Brendon Urie of Panic! At The Disco),0.610000014305115,0.829999983310699,-4.10500001907349,1,0.0571000017225742,0.0329999998211861,0,0.118000000715256,0.727999985218048,182.162002563477,0,81,30,11,00:03:13.0000000
Cornelia Street,0.824000000953674,0.624000012874603,-9.72799968719482,1,0.0826999992132187,0.781000018119812,0.000188999998499639,0.100000001490116,0.247999995946884,102.012001037598,0,81,30,11,00:04:47.0000000
I Knew You Were Trouble (Taylor's Version),0.583999991416931,0.556999981403351,-6.37099981307983,1,0.0342000015079975,0.0129000004380941,0,0.0575999990105629,0.767000019550323,154.007995605469,0,81,30,11,00:03:39.0000000
We Are Never Ever Getting Back Together (Taylor's Version),0.566999971866608,0.685999989509583,-6.13899993896484,1,0.174999997019768,0.031700000166893,1.85999999757769E-06,0.0732000023126602,0.716000020503998,172.014007568359,0,81,30,11,00:03:13.0000000
King Of My Heart,0.675000011920929,0.703000009059906,-7.90199995040894,1,0.0381999984383583,0.00882000010460615,2.2100000478531E-06,0.0390999987721443,0.314000010490417,110.01000213623,0,80,34,12,00:03:34.0000000
London Boy,0.694999992847443,0.709999978542328,-6.63899993896484,1,0.0500000007450581,0.0245999991893768,0.000103999998827931,0.133000001311302,0.556999981403351,157.925003051758,0,80,34,12,00:03:10.0000000
Long Live (Taylor's Version),0.375,0.649999976158142,-4.0310001373291,1,0.0401999987661839,0.0121999997645617,0,0.188999995589256,0.0751999989151955,203.889999389648,0,80,34,12,00:05:17.0000000
Red (Taylor's Version),0.515999972820282,0.77700001001358,-4.90799999237061,0,0.0375000014901161,0.00107999995816499,1.62000003456342E-06,0.0760999992489815,0.407999992370605,125.046997070313,0,80,34,12,00:03:43.0000000
22 (Taylor's Version),0.642000019550323,0.694999992847443,-5.61999988555908,1,0.0281000006943941,0.00044299999717623,1.02000003607827E-05,0.0753000006079674,0.642000019550323,103.984001159668,0,80,34,12,00:03:50.0000000
I Think He Knows,0.897000014781952,0.36599999666214,-8.0290002822876,1,0.0568999983370304,0.0088900001719594,0.000353000010363758,0.0715000033378601,0.416000008583069,100.002998352051,0,79,39,13,00:02:53.0000000
Sparks Fly (Taylor’s Version),0.587999999523163,0.758000016212463,-2.34699988365173,1,0.0305000003427267,0.0251000002026558,0,0.130999997258186,0.386999994516373,114.990997314453,0,79,39,13,00:04:21.0000000
Death By A Thousand Cuts,0.712000012397766,0.73199999332428,-6.75400018692017,1,0.0628999993205071,0.453999996185303,0,0.319000005722046,0.312999993562698,94.0709991455078,0,79,39,13,00:03:18.0000000
Better Than Revenge (Taylor's Version),0.495999991893768,0.884999990463257,-2.96900010108948,0,0.0803000032901764,0.00088599999435246,0,0.190999999642372,0.665000021457672,145.863006591797,0,79,39,13,00:03:40.0000000
Dancing With Our Hands Tied,0.624000012874603,0.690999984741211,-6.68599987030029,0,0.195999994874001,0.0604000017046928,1.10000000859145E-05,0.137999996542931,0.284000009298325,160.024002075195,0,79,39,13,00:03:31.0000000
False God,0.739000022411346,0.319999992847443,-10.8620004653931,0,0.238999992609024,0.736000001430511,0.000146999998833053,0.111000001430511,0.351000010967255,79.9700012207031,0,79,39,13,00:03:20.0000000
New Year’s Day,0.66100001335144,0.150999993085861,-12.8640003204346,1,0.0353999994695187,0.921000003814697,0,0.129999995231628,0.230000004172325,94.9219970703125,0,78,45,14,00:03:55.0000000
This Is Why We Can't Have Nice Things,0.566999971866608,0.788999974727631,-5.98600006103516,1,0.115000002086163,0.015599999576807,0,0.381999999284744,0.437999993562698,163.960006713867,0,78,45,14,00:03:27.0000000
Dear John (Taylor's Version),0.418999999761581,0.469999998807907,-5.01599979400635,1,0.0296000000089407,0.0236000008881092,0,0.163000002503395,0.133000001311302,119.293998718262,0,78,45,14,00:06:45.0000000
Mean (Taylor's Version),0.523999989032745,0.691999971866608,-3.8659999370575,1,0.0368999987840652,0.310999989509583,0,0.19200000166893,0.620999991893768,163.873992919922,0,78,45,14,00:03:58.0000000
I Forgot That You Existed,0.663999974727631,0.316000014543533,-10.3450002670288,1,0.518999993801117,0.298000007867813,2.02999990506214E-06,0.0812000036239624,0.541000008583069,92.875,0,78,45,14,00:02:50.0000000
All Too Well (Taylor's Version),0.439999997615814,0.527999997138977,-7.80900001525879,1,0.031700000166893,0.0171000007539988,0.00203000009059906,0.233999997377396,0.131999999284744,185.97200012207,0,77,50,15,00:05:29.0000000
Speak Now (Taylor's Version),0.726999998092651,0.676999986171722,-2.87100005149841,1,0.0324999988079071,0.247999995946884,0,0.14300000667572,0.638999998569489,118.995002746582,0,77,50,15,00:04:02.0000000
So It Goes...,0.574000000953674,0.610000014305115,-7.28299999237061,1,0.0732000023126602,0.122000001370907,1.09999996311672E-06,0.129999995231628,0.374000012874603,74.9570007324219,0,77,50,15,00:03:47.0000000
The Story Of Us (Taylor's Version),0.514999985694885,0.781000018119812,-2.60800004005432,1,0.0535000003874302,0.00191999995149672,0,0.0540000014007092,0.569999992847443,139.845993041992,0,77,50,15,00:04:27.0000000
Last Kiss (Taylor's Version),0.550000011920929,0.36599999666214,-8.46000003814697,1,0.0275999996811152,0.446999996900558,4.42999998995219E-06,0.101000003516674,0.159999996423721,79.4010009765625,0,76,54,16,00:06:09.0000000
Everything Has Changed (feat. Ed Sheeran) (Taylor’s Version),0.497999995946884,0.610000014305115,-5.09800004959106,1,0.0362999998033047,0.270999997854233,0,0.223000004887581,0.474000006914139,79.9179992675781,0,76,54,16,00:04:05.0000000
Now That We Don't Talk (Taylor's Version) (From The Vault),0.800000011920929,0.500999987125397,-9.33199977874756,1,0.034000001847744,0.159999996423721,7.13999979780056E-05,0.087399996817112,0.0830999985337257,110.013000488281,0,75,56,17,00:02:26.0000000
my tears ricochet,0.456000000238419,0.264999985694885,-10.6630001068115,1,0.0328000001609325,0.814000010490417,0,0.0679000020027161,0.112000003457069,129.947006225586,0,75,56,17,00:04:15.0000000
Castles Crumbling (feat. Hayley Williams) (Taylor’s Version) (From The Vault),0.575999975204468,0.569999992847443,-7.92500019073486,1,0.0434000007808208,0.361999988555908,0,0.0667999982833862,0.377999991178513,147.802993774414,0,75,56,17,00:05:06.0000000
Electric Touch (feat. Fall Out Boy) (Taylor’s Version) (From The Vault),0.546999990940094,0.855000019073486,-4.69999980926514,1,0.0597000010311604,0.0164000000804663,0,0.143999993801117,0.282000005245209,131.072998046875,0,75,56,17,00:04:26.0000000
Haunted (Taylor's Version),0.426999986171722,0.915000021457672,-1.90900003910065,1,0.0619000010192394,0.00667000003159046,0,0.221000000834465,0.354999989271164,162.20100402832,0,75,56,17,00:04:05.0000000
the 1,0.779999971389771,0.361000001430511,-6.94199991226196,1,0.0480000004172325,0.75,7.1399999796995E-06,0.108000002801418,0.163000002503395,139.901992797852,1,75,56,17,00:03:30.0000000
champagne problems,0.462000012397766,0.239999994635582,-12.0769996643066,1,0.0377000011503696,0.920000016689301,0,0.112999998033047,0.319999992847443,171.319000244141,1,75,56,17,00:04:04.0000000
cardigan,0.611999988555908,0.579999983310699,-8.57199954986572,0,0.0419000014662743,0.524999976158142,0.000414000009186566,0.259999990463257,0.533999979496002,130.044998168945,0,75,56,17,00:03:59.0000000
the lakes - bonus track,0.312999993562698,0.257999986410141,-11.5319995880127,1,0.0383000001311302,0.842000007629395,1.3000000080865E-06,0.0948000028729439,0.26800000667572,179.947006225586,0,74,64,18,00:03:31.0000000
"""Slut!"" (Taylor's Version) (From The Vault)",0.591000020503998,0.412000000476837,-13.2700004577637,1,0.0863000005483627,0.308999985456467,0.000199000001884997,0.0608000010251999,0.328000009059906,155.875,0,74,64,18,00:03:00.0000000
When Emma Falls in Love (Taylor’s Version) (From The Vault),0.474000006914139,0.763000011444092,-4.63199996948242,1,0.050500001758337,0.158999994397163,0,0.137999996542931,0.231000006198883,78.1330032348633,0,74,64,18,00:04:12.0000000
The Last Time (feat. Gary Lightbody of Snow Patrol) (Taylor’s Version),0.501999974250793,0.533999979496002,-5.9539999961853,1,0.0277999993413687,0.0399000011384487,0,0.0976999998092651,0.155000001192093,94.0500030517578,0,74,64,18,00:04:59.0000000
it’s time to go - bonus track,0.592000007629395,0.409999996423721,-12.4259996414185,1,0.0397000014781952,0.800999999046326,1.39000003400724E-05,0.0900000035762787,0.416000008583069,151.923004150391,0,74,64,18,00:04:14.0000000
willow,0.391999989748001,0.574000000953674,-9.19499969482422,1,0.170000001788139,0.833000004291534,0.00179000000935048,0.144999995827675,0.528999984264374,81.1119995117188,0,74,64,18,00:03:34.0000000
exile (feat. Bon Iver),0.310000002384186,0.374000012874603,-8.46399974822998,1,0.0274999998509884,0.760999977588654,2.45999999606283E-05,0.109999999403954,0.159999996423721,75.9380035400391,0,74,64,18,00:04:45.0000000
illicit affairs,0.528999984264374,0.303999990224838,-10.5670003890991,1,0.0355999991297722,0.861999988555908,0,0.108000002801418,0.439999997615814,119.580001831055,0,74,64,18,00:03:10.0000000
august,0.386999994516373,0.63400000333786,-9.22200012207031,1,0.0362999998033047,0.552999973297119,6.92999965394847E-05,0.0930999964475632,0.419999986886978,89.5670013427734,0,74,64,18,00:04:21.0000000
tolerate it,0.316000014543533,0.361000001430511,-10.3809995651245,1,0.0487999990582466,0.878000020980835,2.66999995801598E-05,0.0797000005841255,0.221000000834465,74.9520034790039,1,74,64,18,00:04:05.0000000
‘tis the damn season,0.574999988079071,0.433999985456467,-8.19299983978271,1,0.031199999153614,0.735000014305115,6.58999997540377E-05,0.104999996721745,0.34799998998642,145.916000366211,0,73,74,19,00:03:49.0000000
White Horse (Taylor’s Version),0.423000007867813,0.517000019550323,-7.3769998550415,1,0.0485999993979931,0.368999987840652,0,0.177000001072884,0.36599999666214,185.261993408203,0,73,74,19,00:03:54.0000000
this is me trying,0.510999977588654,0.477999985218048,-9.83699989318848,1,0.032200001180172,0.312000006437302,2.30000005103648E-05,0.146999999880791,0.407999992370605,135.88200378418,0,73,74,19,00:03:15.0000000
mirrorball,0.549000024795532,0.416999995708466,-10.0640001296997,1,0.0350000001490116,0.685999989509583,1.90000002930901E-06,0.0604000017046928,0.347000002861023,110.137001037598,0,73,74,19,00:03:28.0000000
invisible string,0.651000022888184,0.458999991416931,-11.1280002593994,0,0.0507000014185905,0.859000027179718,6.63000027998351E-05,0.104999996721745,0.453999996185303,83.4550018310547,0,73,74,19,00:04:12.0000000
Fifteen (Taylor’s Version),0.559000015258789,0.646000027656555,-4.6100001335144,1,0.0272000003606081,0.11599999666214,0,0.319999992847443,0.289000004529953,95.4660034179688,0,73,74,19,00:04:54.0000000
the last great american dynasty,0.688000023365021,0.652999997138977,-8.55799961090088,1,0.0403000004589558,0.481000006198883,0.00413999985903502,0.105999998748302,0.700999975204468,147.990997314453,1,73,74,19,00:03:51.0000000
Say Don't Go (Taylor's Version) (From The Vault),0.633000016212463,0.550999999046326,-8.29699993133545,1,0.0340999998152256,0.0659999996423721,9.94000038190279E-06,0.127000004053116,0.164000004529953,109.949996948242,0,73,74,19,00:04:39.0000000
Come Back...Be Here (Taylor's Version),0.46000000834465,0.632000029087067,-6.0310001373291,1,0.0302000008523464,0.0157999992370605,0,0.0821999981999397,0.398999989032745,79.8460006713867,0,73,74,19,00:03:43.0000000
Soon You’ll Get Better (feat. The Chicks),0.43299999833107,0.181999996304512,-12.5659999847412,1,0.0640999972820282,0.907000005245209,0,0.123000003397465,0.421000003814697,207.475997924805,0,73,74,19,00:03:21.0000000
Ours (Taylor’s Version),0.535000026226044,0.488000005483627,-8.26099967956543,1,0.0277999993413687,0.449000000953674,0,0.111000001430511,0.34799998998642,159.813003540039,0,73,74,19,00:03:55.0000000
Style (Taylor's Version),0.510999977588654,0.822000026702881,-4.78499984741211,0,0.0397000014781952,0.000421000004280359,0.0197000000625849,0.0899000018835068,0.305000007152557,94.8679962158203,0,73,74,19,00:03:51.0000000
Forever & Always (Taylor’s Version),0.59799998998642,0.820999979972839,-4.43300008773804,1,0.0447000004351139,0.0230999998748302,0,0.14300000667572,0.672999978065491,128.029998779297,0,73,74,19,00:03:45.0000000
It’s Nice To Have A Friend,0.736999988555908,0.174999997019768,-9.91199970245361,1,0.0401000007987022,0.971000015735626,0.000337000004947186,0.171000003814697,0.545000016689301,70.0080032348633,0,73,74,19,00:02:30.0000000
Begin Again (Taylor's Version),0.518999993801117,0.52700001001358,-7.6729998588562,1,0.0274000000208616,0.0750000029802322,0,0.131999999284744,0.266999989748001,78.9150009155273,0,73,74,19,00:03:58.0000000
Blank Space (Taylor's Version),0.732999980449677,0.732999980449677,-5.37599992752075,1,0.0670000016689301,0.0885000005364418,0,0.167999997735023,0.700999975204468,96.056999206543,0,72,89,20,00:03:51.0000000
Never Grow Up (Taylor's Version),0.685000002384186,0.323000013828278,-7.10300016403198,1,0.0288999993354082,0.851000010967255,0,0.197999998927116,0.569000005722046,125.057998657227,0,72,89,20,00:04:52.0000000
Out Of The Woods (Taylor's Version),0.545000016689301,0.884999990463257,-5.96799993515015,1,0.0447000004351139,0.000537000014446676,5.5900000006659E-05,0.384999990463257,0.206000000238419,92.0210037231445,0,72,89,20,00:03:55.0000000
Treacherous (Taylor's Version),0.644999980926514,0.592999994754791,-6.50600004196167,1,0.0287999995052814,0.034400001168251,0.000127000006614253,0.129999995231628,0.29899999499321,109.984001159668,0,72,89,20,00:04:02.0000000
gold rush,0.512000024318695,0.462000012397766,-10.4910001754761,1,0.0408000014722347,0.829999983310699,0.165999993681908,0.120999999344349,0.352999985218048,112.050003051758,1,72,89,20,00:03:05.0000000
betty,0.595000028610229,0.375999987125397,-8.76700019836426,1,0.0255999993532896,0.58899998664856,0,0.0988999977707863,0.476000010967255,95.9459991455078,1,72,89,20,00:04:54.0000000
"no body, no crime (feat. HAIM)",0.546000003814697,0.612999975681305,-7.58900022506714,0,0.0263999998569489,0.418000012636185,0,0.103000000119209,0.535000026226044,79.0149993896484,0,72,89,20,00:03:35.0000000
evermore (feat. Bon Iver),0.389999985694885,0.270000010728836,-10.6730003356934,1,0.030799999833107,0.936999976634979,0.00227000005543232,0.111000001430511,0.319999992847443,125.177001953125,0,72,89,20,00:05:04.0000000
"You're On Your Own, Kid",0.694000005722046,0.386000007390976,-10.3120002746582,1,0.0597000010311604,0.423000007867813,1.04999999166466E-05,0.126000002026558,0.389999985694885,120.043998718262,0,72,89,20,00:03:14.0000000
Sad Beautiful Tragic (Taylor's Version),0.601000010967255,0.40599998831749,-11.8269996643066,1,0.0274999998509884,0.621999979019165,9.19000012800097E-05,0.133000001311302,0.23199999332428,130.059005737305,0,72,89,20,00:04:44.0000000
seven,0.601999998092651,0.493999987840652,-10.8129997253418,1,0.0276999995112419,0.888000011444092,2.59000007645227E-05,0.0901999995112419,0.374000012874603,94.9550018310547,0,72,89,20,00:03:28.0000000
State Of Grace (Taylor's Version),0.593999981880188,0.712999999523163,-5.31400012969971,1,0.0502999983727932,0.000327999994624406,0,0.114000000059605,0.328000009059906,129.957992553711,0,72,89,20,00:04:55.0000000
Suburban Legends (Taylor's Version) (From The Vault),0.700999975204468,0.625,-8.80399990081787,1,0.0359999984502792,0.207000002264977,0,0.104999996721745,0.323000013828278,118.036003112793,0,71,101,21,00:02:51.0000000
Maroon,0.649999976158142,0.397000014781952,-8.23700046539307,1,0.0364999994635582,0.0608999989926815,1.39999997372797E-06,0.0890000015497208,0.0381999984383583,108.055000305176,1,71,101,21,00:03:38.0000000
marjorie,0.535000026226044,0.560999989509583,-11.6090002059937,1,0.0483999997377396,0.875999987125397,0.000136000002385117,0.115000002086163,0.287000000476837,96.1029968261719,0,71,101,21,00:04:17.0000000
Anti-Hero,0.637000024318695,0.648999989032745,-6.59000015258789,1,0.0584000013768673,0.115000002086163,1.21999994462385E-06,0.146999999880791,0.497000008821487,96.9349975585938,0,71,101,21,00:03:20.0000000
happiness,0.559000015258789,0.333999991416931,-10.7329998016357,1,0.0375999994575977,0.870000004768372,0,0.114000000059605,0.210999995470047,122.079002380371,1,71,101,21,00:05:15.0000000
cowboy like me,0.603999972343445,0.517000019550323,-9.01399993896484,1,0.0346999987959862,0.76800000667572,0.000155000001541339,0.123000003397465,0.510999977588654,127.967002868652,1,71,101,21,00:04:35.0000000
Hey Stephen (Taylor’s Version),0.787999987602234,0.570999979972839,-6.13500022888184,1,0.0296000000089407,0.105999998748302,0,0.0934000015258789,0.796999990940094,115.98999786377,0,71,101,21,00:04:14.0000000
Welcome To New York (Taylor's Version),0.757000029087067,0.610000014305115,-4.84000015258789,1,0.0326999984681606,0.0094200000166893,3.65999985660892E-05,0.367000013589859,0.685000002384186,116.998001098633,0,71,101,21,00:03:32.0000000
Stay Stay Stay (Taylor's Version),0.693000018596649,0.680999994277954,-7.03900003433228,1,0.025000000372529,0.0847999975085258,0,0.0768000036478043,0.662999987602234,100.019996643066,0,71,101,21,00:03:25.0000000
Holy Ground (Taylor's Version),0.621999979019165,0.809000015258789,-5.6230001449585,1,0.0637999996542931,0.0287999995052814,0.00218000006861985,0.108999997377396,0.510999977588654,156.893997192383,0,71,101,21,00:03:22.0000000
I Almost Do (Taylor's Version),0.510999977588654,0.559000015258789,-6.58699989318848,1,0.0263999998569489,0.0166999995708466,0,0.112999998033047,0.247999995946884,145.880004882813,0,71,101,21,00:04:04.0000000
ivy,0.514999985694885,0.545000016689301,-9.27700042724609,1,0.035300001502037,0.855000019073486,1.97000008483883E-05,0.0921000018715858,0.535000026226044,88.8560028076172,1,71,101,21,00:04:20.0000000
Midnight Rain,0.653999984264374,0.372000008821487,-11.7040004730225,1,0.0666999965906143,0.704999983310699,6.77999996696599E-05,0.114000000059605,0.197999998927116,140.149993896484,0,71,101,21,00:02:54.0000000
coney island (feat. The National),0.537000000476837,0.537000000476837,-11.2659997940063,1,0.0617000013589859,0.819000005722046,0.000904000014998019,0.142000004649162,0.291999995708466,107.894996643066,0,71,101,21,00:04:35.0000000
Lavender Haze,0.735000014305115,0.453999996185303,-10.5159997940063,0,0.0876000002026558,0.236000001430511,0.00112999998964369,0.133000001311302,0.0750999972224236,97.0429992675781,1,71,101,21,00:03:22.0000000
mad woman,0.592999994754791,0.699999988079071,-9.01599979400635,1,0.0491999983787537,0.670000016689301,6.76999979987158E-06,0.11599999666214,0.45100000500679,141.897994995117,1,71,101,21,00:03:57.0000000
Bejeweled,0.694999992847443,0.546000003814697,-9.18400001525879,1,0.0659999996423721,0.064800001680851,0.000127999999676831,0.088299997150898,0.425000011920929,164,0,71,101,21,00:03:14.0000000
Innocent (Taylor's Version),0.522000014781952,0.59799998998642,-5.3270001411438,0,0.0284000001847744,0.101000003516674,0,0.151999995112419,0.149000003933907,133.626998901367,0,71,101,21,00:05:01.0000000
The Other Side Of The Door (Taylor’s Version),0.432000011205673,0.873000025749207,-4.36700010299683,1,0.0577000007033348,0.0278999991714954,0,0.166999995708466,0.629000008106232,163.936004638672,0,70,119,22,00:03:58.0000000
hoax,0.675999999046326,0.178000003099442,-15.0100002288818,1,0.0394000001251698,0.96399998664856,7.90000012784731E-06,0.135000005364418,0.404000014066696,118.839996337891,0,70,119,22,00:03:40.0000000
Vigilante Shit,0.866999983787537,0.272000014781952,-11.0139999389648,0,0.363000005483627,0.157000005245209,3.41999984811991E-05,0.118000000715256,0.157000005245209,79.9619979858398,1,70,119,22,00:02:44.0000000
Clean (Taylor's Version),0.772000014781952,0.391000002622604,-8.89200019836426,1,0.0293000005185604,0.25,2.92000004264992E-05,0.0980999991297722,0.257999986410141,103.955001831055,0,70,119,22,00:04:31.0000000
The Moment I Knew (Taylor's Version),0.635999977588654,0.40200001001358,-7.85500001907349,1,0.0309999994933605,0.0494000017642975,0,0.10700000077486,0.208000004291534,125.952003479004,0,70,119,22,00:04:45.0000000
Wildest Dreams (Taylor's Version),0.58899998664856,0.674000024795532,-7.48000001907349,1,0.0656000003218651,0.0436000004410744,7.18000010238029E-05,0.112000003457069,0.513999998569489,139.985000610352,0,70,119,22,00:03:40.0000000
I Know Places (Taylor's Version),0.582000017166138,0.787999987602234,-5.35799980163574,1,0.0445000007748604,0.0998999997973442,0,0.115000002086163,0.65200001001358,160.026992797852,0,70,119,22,00:03:15.0000000
Mastermind,0.66100001335144,0.344999998807907,-14.0369997024536,1,0.143999993801117,0.545000016689301,0.000914999982342124,0.0870999991893768,0.126000002026558,125.976997375488,0,70,119,22,00:03:11.0000000
epiphany,0.31700000166893,0.254000008106232,-13.6789999008179,1,0.0285999998450279,0.726999998092651,0.00032600000849925,0.0866999998688698,0.103000000119209,93.9329986572266,0,70,119,22,00:04:49.0000000
Our Song,0.667999982833862,0.671999990940094,-4.93100023269653,1,0.0303000006824732,0.111000001430511,0,0.328999996185303,0.538999974727631,89.0110015869141,0,70,119,22,00:03:21.0000000
The Lucky One (Taylor's Version),0.685999989509583,0.570999979972839,-7.13800001144409,1,0.0500000007450581,0.0659999996423721,0,0.0608000010251999,0.537999987602234,117.888999938965,0,70,119,22,00:04:00.0000000
"Would've, Could've, Should've",0.48199999332428,0.837000012397766,-6.50099992752075,1,0.119999997317791,0.435000002384186,0.00147000001743436,0.123000003397465,0.533999979496002,157.960006713867,0,70,119,22,00:04:20.0000000
Karma,0.647000014781952,0.614000022411346,-7.09100008010864,1,0.0650999993085861,0.0781999975442886,0,0.611000001430511,0.095600001513958,90.0339965820313,1,70,119,22,00:03:24.0000000
All You Had To Do Was Stay (Taylor's Version),0.587999999523163,0.721000015735626,-5.5789999961853,1,0.031700000166893,0.000655999989248812,0,0.130999997258186,0.519999980926514,96.9970016479492,0,70,119,22,00:03:13.0000000
The Great War,0.573000013828278,0.736999988555908,-9.0019998550415,1,0.0351999998092651,0.202999994158745,2.78000006801449E-05,0.0851000025868416,0.592000007629395,96.0090026855469,0,70,119,22,00:04:00.0000000
Shake It Off (Taylor's Version),0.635999977588654,0.808000028133392,-5.69299983978271,1,0.0728999972343445,0.0120999999344349,2.18000004679197E-05,0.358999997377396,0.916999995708466,160.057998657227,0,70,119,22,00:03:39.0000000
New Romantics (Taylor's Version),0.648999989032745,0.846000015735626,-5.95800018310547,1,0.060199998319149,0.00675000017508864,4.63000014860881E-06,0.0824000015854836,0.698000013828278,121.977996826172,0,70,119,22,00:03:50.0000000
long story short,0.546000003814697,0.730000019073486,-7.7039999961853,1,0.0417000018060207,0.660000026226044,0.179000005125999,0.0971999987959862,0.573000013828278,157.895004272461,0,70,119,22,00:03:35.0000000
dorothea,0.605000019073486,0.488000005483627,-8.32199954986572,1,0.0263999998569489,0.695999979972839,0,0.12899999320507,0.354000002145767,119.966003417969,0,70,119,22,00:03:45.0000000
Starlight (Taylor's Version),0.628000020980835,0.685000002384186,-5.86399984359741,1,0.0357999987900257,0.00323999999091029,0,0.180000007152557,0.605000019073486,126.013999938965,0,70,119,22,00:03:40.0000000
You’re Not Sorry (Taylor’s Version),0.505999982357025,0.444000005722046,-4.98999977111816,1,0.0285000000149012,0.0538000017404556,0,0.123000003397465,0.24099999666214,133.873001098633,0,70,119,22,00:04:21.0000000
peace,0.643999993801117,0.284000009298325,-12.878999710083,1,0.0820999965071678,0.916000008583069,1.49999996210681E-05,0.0908999964594841,0.328000009059906,150.072006225586,1,70,119,22,00:03:54.0000000
Wonderland (Taylor's Version),0.46399998664856,0.704999983310699,-5.96999979019165,1,0.0434000007808208,0.00975999981164932,2.6100000468432E-05,0.209000006318092,0.384999990463257,183.891998291016,0,69,141,23,00:04:05.0000000
Snow On The Beach (feat. Lana Del Rey),0.652999997138977,0.331000000238419,-13.5340003967285,1,0.0390000008046627,0.704999983310699,0.00130000000353903,0.11599999666214,0.165999993681908,110.013999938965,1,69,141,23,00:04:16.0000000
Breathe (feat. Colbie Caillat) (Taylor’s Version),0.505999982357025,0.625999987125397,-6.06599998474121,1,0.0286999996751547,0.156000003218651,0,0.228000000119209,0.321000009775162,148.035003662109,0,69,141,23,00:04:23.0000000
Question...?,0.74099999666214,0.50900000333786,-8.74699974060059,1,0.189999997615814,0.204999998211861,0,0.261999994516373,0.112999998033047,108.977996826172,1,69,141,23,00:03:30.0000000
Bad Blood (Taylor's Version),0.617999970912933,0.683000028133392,-6.43800020217896,1,0.194000005722046,0.0362000018358231,0,0.305000007152557,0.363000005483627,169.970993041992,0,69,141,23,00:03:31.0000000
How You Get The Girl (Taylor's Version),0.758000016212463,0.690999984741211,-5.7979998588562,1,0.0515000000596046,0.00196000002324581,1.09000002339599E-05,0.0939000025391579,0.537999987602234,119.997001647949,0,69,141,23,00:04:07.0000000
I Wish You Would (Taylor's Version),0.670000016689301,0.857999980449677,-6.52799987792969,1,0.0439000017940998,0.00353999994695187,1.24999996842234E-05,0.0687000006437302,0.538999974727631,118.009002685547,0,69,141,23,00:03:27.0000000
Jump Then Fall (Taylor’s Version),0.572000026702881,0.689999997615814,-6.20100021362305,1,0.0357999987900257,0.0474000014364719,0,0.089699998497963,0.624000012874603,160.110992431641,0,69,141,23,00:03:57.0000000
Teardrops On My Guitar - Radio Single Remix,0.620999991893768,0.416999995708466,-6.94099998474121,1,0.0230999998748302,0.287999987602234,0,0.119000002741814,0.289000004529953,99.9530029296875,0,69,141,23,00:03:23.0000000
Labyrinth,0.493000000715256,0.30799999833107,-15.4890003204346,1,0.0436000004410744,0.804000020027161,0.328000009059906,0.123000003397465,0.129999995231628,109.99299621582,0,69,141,23,00:04:07.0000000
Superman (Taylor’s Version),0.532999992370605,0.741999983787537,-3.47300004959106,1,0.0303000006824732,0.00310000008903444,0,0.108000002801418,0.356000006198883,131.929992675781,0,69,141,23,00:04:34.0000000
Untouchable (Taylor’s Version),0.39300000667572,0.531000018119812,-6.11199998855591,1,0.0329000018537045,0.0181000009179115,0,0.168999999761581,0.224000006914139,200.391006469727,0,69,141,23,00:05:12.0000000
You Are In Love (Taylor's Version),0.363000005483627,0.497999995946884,-9.47299957275391,1,0.0754999965429306,0.610000014305115,3.91000003219233E-06,0.112000003457069,0.476999998092651,84.6800003051758,0,69,141,23,00:04:27.0000000
Dear Reader,0.474999994039536,0.386000007390976,-12.0380001068115,1,0.0737000033259392,0.497000008821487,0.00104000000283122,0.119000002741814,0.162000000476837,107.600997924805,0,68,154,24,00:03:45.0000000
Tell Me Why (Taylor’s Version),0.578000009059906,0.908999979496002,-3.66899991035461,1,0.0627999976277351,0.0221999995410442,0,0.333000004291534,0.541000008583069,100.023002624512,0,68,154,24,00:03:20.0000000
Forever & Always (Piano Version) (Taylor’s Version),0.546000003814697,0.273000001907349,-9.20800018310547,1,0.030799999833107,0.819000005722046,0,0.136999994516373,0.270999997854233,118.752998352051,0,68,154,24,00:04:27.0000000
Girl At Home (Taylor's Version),0.690999984741211,0.736000001430511,-6.97399997711182,1,0.032600000500679,0.00954999960958958,1.87999994523125E-05,0.101000003516674,0.611999988555908,125.088996887207,0,68,154,24,00:03:40.0000000
This Love (Taylor’s Version),0.470999985933304,0.50900000333786,-8.79599952697754,0,0.0355000011622906,0.316000014543533,0,0.0672999992966652,0.0566999986767769,144.070999145508,0,68,154,24,00:04:10.0000000
Today Was A Fairytale (Taylor’s Version),0.48199999332428,0.778999984264374,-5.02500009536743,1,0.0408999994397163,0.0135000003501773,0,0.296000003814697,0.328000009059906,158.162002563477,0,68,154,24,00:04:01.0000000
Sweet Nothing,0.33500000834465,0.165999993681908,-14.9580001831055,1,0.0480000004172325,0.967000007629395,0.000119999996968545,0.115000002086163,0.391000002622604,175.917007446289,0,68,154,24,00:03:08.0000000
The Best Day (Taylor’s Version),0.642000019550323,0.575999975204468,-8.52400016784668,1,0.0282000005245209,0.488000005483627,0,0.158999994397163,0.46900001168251,125,0,68,154,24,00:04:05.0000000
closure,0.689000010490417,0.703999996185303,-10.8129997253418,1,0.245000004768372,0.834999978542328,4.82999985251809E-06,0.13400000333786,0.920000016689301,151.884002685547,0,68,154,24,00:03:00.0000000
Bigger Than The Whole Sky,0.479999989271164,0.219999998807907,-12.4689998626709,1,0.0425000004470348,0.837000012397766,0.00268999999389052,0.11599999666214,0.0632999986410141,82.9509963989258,0,68,154,24,00:03:38.0000000
Paris,0.690999984741211,0.497999995946884,-10.5190000534058,1,0.101000003516674,0.11599999666214,3.07000009343028E-05,0.136000007390976,0.453999996185303,110.962997436523,0,68,154,24,00:03:16.0000000
State Of Grace (Acoustic Version) (Taylor's Version),0.444999992847443,0.130999997258186,-13.7779998779297,1,0.0564000010490417,0.662999987602234,1.56999999489926E-06,0.108000002801418,0.101000003516674,208.917999267578,0,67,165,25,00:05:21.0000000
Glitch,0.676999986171722,0.45100000500679,-9.74400043487549,0,0.189999997615814,0.317999988794327,0,0.109999999403954,0.398999989032745,140.845001220703,0,67,165,25,00:02:28.0000000
Picture To Burn,0.657999992370605,0.876999974250793,-2.09800004959106,1,0.0322999991476536,0.172999992966652,0,0.0961999967694283,0.820999979972839,105.585998535156,0,67,165,25,00:02:53.0000000
High Infidelity,0.564000010490417,0.545000016689301,-10.1700000762939,1,0.104000002145767,0.726000010967255,0,0.0878000035881996,0.765999972820282,176.082000732422,0,67,165,25,00:03:51.0000000
Come In With The Rain (Taylor’s Version),0.476000010967255,0.564000010490417,-5.67700004577637,1,0.0269000008702278,0.0406000018119812,0,0.101999998092651,0.166999995708466,143.929000854492,0,66,169,26,00:03:57.0000000
Change (Taylor’s Version),0.499000012874603,0.814999997615814,-4.06300020217896,1,0.0340999998152256,0.000190999999176711,0,0.180999994277954,0.34400001168251,95.9990005493164,0,66,169,26,00:04:39.0000000
Should've Said No,0.476000010967255,0.77700001001358,-3.77099990844727,0,0.0288999993354082,0.0103000001981854,0,0.195999994874001,0.472000002861023,167.964004516602,0,66,169,26,00:04:02.0000000
Superstar (Taylor’s Version),0.453999996185303,0.555000007152557,-6.69000005722046,1,0.0283000003546476,0.157000005245209,0,0.342999994754791,0.171000003814697,171.861999511719,0,65,172,27,00:04:23.0000000
cardigan - the long pond studio sessions,0.395000010728836,0.233999997377396,-9.70400047302246,0,0.0381999984383583,0.879999995231628,0,0.10700000077486,0.246999993920326,86.4779968261719,0,62,173,28,00:03:50.0000000
Tim McGraw,0.579999983310699,0.49099999666214,-6.46199989318848,1,0.0251000002026558,0.574999988079071,0,0.120999999344349,0.425000011920929,76.0090026855469,0,61,174,29,00:03:52.0000000
Mary's Song (Oh My My My),0.402999997138977,0.626999974250793,-5.28000020980835,1,0.0292000006884336,0.0176999997347593,0,0.181999996304512,0.374000012874603,74.9000015258789,0,61,174,29,00:03:33.0000000
A Place in this World,0.575999975204468,0.77700001001358,-2.88100004196167,1,0.0324000008404255,0.0509999990463257,0,0.319999992847443,0.428000003099442,115.02799987793,0,61,174,29,00:03:19.0000000
the 1 - the long pond studio sessions,0.708000004291534,0.25,-10.7309999465942,1,0.0361000001430511,0.898000001907349,0.0260000005364418,0.101999998092651,0.156000003218651,139.802993774414,1,61,174,29,00:03:39.0000000
Cold As You,0.418000012636185,0.48199999332428,-5.76900005340576,1,0.0265999995172024,0.216999992728233,0,0.123000003397465,0.261000007390976,175.557998657227,0,61,174,29,00:03:59.0000000
I'm Only Me When I'm With You,0.563000023365021,0.934000015258789,-3.62899994850159,1,0.0645999982953072,0.00451999995857477,0.000806999974884093,0.103000000119209,0.51800000667572,143.964004516602,0,61,174,29,00:03:33.0000000
The Outside,0.58899998664856,0.805000007152557,-4.05499982833862,1,0.0293000005185604,0.00491000013425946,0,0.239999994635582,0.591000020503998,112.982002258301,0,60,180,30,00:03:27.0000000
Teardrops on My Guitar - Pop Version,0.458999991416931,0.753000020980835,-3.82699990272522,1,0.0537000000476837,0.0401999987661839,0,0.0863000005483627,0.483000010251999,199.996994018555,0,60,180,30,00:02:59.0000000
Invisible,0.611999988555908,0.393999993801117,-5.72300004959106,1,0.0242999996989965,0.637000024318695,0,0.146999999880791,0.232999995350838,96.0009994506836,0,59,182,31,00:03:23.0000000
the last great american dynasty - the long pond studio sessions,0.639999985694885,0.617999970912933,-11.7150001525879,1,0.0379000008106232,0.742999970912933,0.00400000018998981,0.0573999993503094,0.614000022411346,147.947998046875,0,59,182,31,00:03:52.0000000
Tied Together with a Smile,0.479000002145767,0.578000009059906,-4.96299982070923,1,0.0294000003486872,0.524999976158142,0,0.0841000005602837,0.19200000166893,146.164993286133,0,59,182,31,00:04:08.0000000
Stay Beautiful,0.593999981880188,0.629000008106232,-4.91900014877319,1,0.0245999991893768,0.0868000015616417,0,0.136999994516373,0.504000008106232,131.59700012207,0,59,182,31,00:03:56.0000000
So It Goes...,0.574000000953674,0.610000014305115,-7.28299999237061,1,0.0732000023126602,0.122000001370907,1.09999996311672E-06,0.129999995231628,0.374000012874603,74.9570007324219,0,59,182,31,00:03:47.0000000
A Perfectly Good Heart,0.483000010251999,0.750999987125397,-5.72599983215332,1,0.0364999994635582,0.00349000003188849,0,0.128000006079674,0.26800000667572,156.091995239258,0,58,187,32,00:03:40.0000000
the 1,0.779999971389771,0.361000001430511,-6.94199991226196,1,0.0480000004172325,0.75,7.1399999796995E-06,0.108000002801418,0.163000002503395,139.901992797852,1,56,188,33,00:03:30.0000000
exile (feat. Bon Iver),0.310000002384186,0.374000012874603,-8.46399974822998,1,0.0274999998509884,0.760999977588654,2.45999999606283E-05,0.109999999403954,0.159999996423721,75.9380035400391,0,56,188,33,00:04:45.0000000
cardigan,0.611999988555908,0.579999983310699,-8.57199954986572,0,0.0419000014662743,0.524999976158142,0.000414000009186566,0.259999990463257,0.533999979496002,130.044998168945,0,56,188,33,00:03:59.0000000
my tears ricochet,0.456000000238419,0.264999985694885,-10.6630001068115,1,0.0328000001609325,0.814000010490417,0,0.0679000020027161,0.112000003457069,129.947006225586,0,55,191,34,00:04:15.0000000
august,0.386999994516373,0.63400000333786,-9.22200012207031,1,0.0362999998033047,0.552999973297119,6.92999965394847E-05,0.0930999964475632,0.419999986886978,89.5670013427734,0,55,191,34,00:04:21.0000000
Back To December/Apologize/You're Not Sorry - Live/2011/Medley,0.374000012874603,0.515999972820282,-8.74499988555908,1,0.0294000003486872,0.155000001192093,0,0.795000016689301,0.171000003814697,142.057006835938,0,54,193,35,00:06:02.0000000
invisible string,0.651000022888184,0.458999991416931,-11.1280002593994,0,0.0507000014185905,0.859000027179718,6.63000027998351E-05,0.104999996721745,0.453999996185303,83.4550018310547,0,54,193,35,00:04:12.0000000
the last great american dynasty,0.688000023365021,0.652999997138977,-8.55799961090088,1,0.0403000004589558,0.481000006198883,0.00413999985903502,0.105999998748302,0.700999975204468,147.990997314453,1,54,193,35,00:03:51.0000000
illicit affairs,0.528999984264374,0.303999990224838,-10.5670003890991,1,0.0355999991297722,0.861999988555908,0,0.108000002801418,0.439999997615814,119.580001831055,0,54,193,35,00:03:10.0000000
mirrorball,0.549000024795532,0.416999995708466,-10.0640001296997,1,0.0350000001490116,0.685999989509583,1.90000002930901E-06,0.0604000017046928,0.347000002861023,110.137001037598,0,54,193,35,00:03:28.0000000
this is me trying,0.510999977588654,0.477999985218048,-9.83699989318848,1,0.032200001180172,0.312000006437302,2.30000005103648E-05,0.146999999880791,0.407999992370605,135.88200378418,0,54,193,35,00:03:15.0000000
seven,0.601999998092651,0.493999987840652,-10.8129997253418,1,0.0276999995112419,0.888000011444092,2.59000007645227E-05,0.0901999995112419,0.374000012874603,94.9550018310547,0,53,199,36,00:03:28.0000000
Drops Of Jupiter - Live/2011,0.374000012874603,0.504000008106232,-8.4069995880127,1,0.0392000004649162,0.805999994277954,0,0.759999990463257,0.270000010728836,109.025001525879,0,53,199,36,00:05:15.0000000
the lakes - bonus track,0.312999993562698,0.257999986410141,-11.5319995880127,1,0.0383000001311302,0.842000007629395,1.3000000080865E-06,0.0948000028729439,0.26800000667572,179.947006225586,0,52,201,37,00:03:31.0000000
betty,0.595000028610229,0.375999987125397,-8.76700019836426,1,0.0255999993532896,0.58899998664856,0,0.0988999977707863,0.476000010967255,95.9459991455078,1,52,201,37,00:04:54.0000000
mad woman,0.592999994754791,0.699999988079071,-9.01599979400635,1,0.0491999983787537,0.670000016689301,6.76999979987158E-06,0.11599999666214,0.45100000500679,141.897994995117,1,52,201,37,00:03:57.0000000
epiphany,0.31700000166893,0.254000008106232,-13.6789999008179,1,0.0285999998450279,0.726999998092651,0.00032600000849925,0.0866999998688698,0.103000000119209,93.9329986572266,0,51,204,38,00:04:49.0000000
peace,0.643999993801117,0.284000009298325,-12.878999710083,1,0.0820999965071678,0.916000008583069,1.49999996210681E-05,0.0908999964594841,0.328000009059906,150.072006225586,1,51,204,38,00:03:54.0000000
I Want You Back - Live/2011,0.53600001335144,0.512000024318695,-6.79400014877319,1,0.0340999998152256,0.794000029563904,0.000121999997645617,0.497000008821487,0.248999997973442,97.3970031738281,0,50,206,39,00:01:23.0000000
hoax,0.675999999046326,0.178000003099442,-15.0100002288818,1,0.0394000001251698,0.96399998664856,7.90000012784731E-06,0.135000005364418,0.404000014066696,118.839996337891,0,50,206,39,00:03:40.0000000
Bette Davis Eyes - Live/2011,0.326999992132187,0.488000005483627,-9.28699970245361,1,0.032200001180172,0.712999999523163,0,0.837000012397766,0.363000005483627,104.459999084473,0,50,206,39,00:03:09.0000000
Long Live - Live/2011,0.544000029563904,0.727999985218048,-5.83799982070923,1,0.0282000005245209,0.00529999984428287,0,0.865000009536743,0.203999996185303,101.939002990723,0,49,209,40,00:06:16.0000000
Better Than Revenge - Live/2011,0.444999992847443,0.887000024318695,-5.62900018692017,0,0.0768000036478043,0.00306000001728535,2.66999995801598E-05,0.930999994277954,0.386000007390976,145.953994750977,0,49,209,40,00:05:44.0000000
Enchanted - Live/2011,0.340000003576279,0.662999987602234,-5.59700012207031,1,0.033100001513958,0.0746999979019165,2.34000003729307E-06,0.563000023365021,0.214000001549721,163.677993774414,0,49,209,40,00:06:29.0000000
Sparks Fly - Live/2011,0.455000013113022,0.782999992370605,-5.18400001525879,1,0.0392999984323978,0.00917000044137239,0,0.917999982833862,0.298000007867813,114.981002807617,0,49,209,40,00:05:36.0000000
Speak Now - Live/2011,0.615000009536743,0.694000005722046,-5.25099992752075,1,0.0318000018596649,0.0636000037193298,1.27999999222084E-06,0.829999983310699,0.372999995946884,118.875999450684,0,48,213,41,00:04:08.0000000
Dear John - Live/2011,0.521000027656555,0.386000007390976,-8.78400039672852,1,0.0300999991595745,0.0156999994069338,0,0.88400000333786,0.137999996542931,119.517997741699,0,48,213,41,00:06:44.0000000
Last Kiss - Live/2011,0.426999986171722,0.395000010728836,-12.5509996414185,1,0.0291000008583069,0.204999998211861,8.73000044521177E-06,0.700999975204468,0.187999993562698,79.5169982910156,0,48,213,41,00:06:09.0000000
The Story Of Us - Live,0.418999999761581,0.907999992370605,-5.1560001373291,1,0.0650999993085861,0.00047999998787418,0,0.814999997615814,0.472000002861023,139.813003540039,0,48,213,41,00:04:50.0000000
Haunted - Live/2011,0.337999999523163,0.818000018596649,-7.49499988555908,1,0.049600001424551,0.0244999993592501,0,0.888999998569489,0.177000001072884,162.156997680664,0,48,213,41,00:04:52.0000000
Mean - Live/2011,0.428999990224838,0.915000021457672,-4.3730001449585,1,0.0689999982714653,0.153999999165535,0,0.693000018596649,0.432000011205673,163.751998901367,0,48,213,41,00:04:06.0000000
Mine - Live/2011,0.495999991893768,0.851999998092651,-4.77500009536743,1,0.0373000018298626,0.00233000004664063,0,0.554000020027161,0.44200000166893,120.96900177002,0,48,213,41,00:04:19.0000000
Ours - Live/2011,0.421000003814697,0.354999989271164,-10.210000038147,1,0.0297999996691942,0.714999973773956,0,0.866999983787537,0.266999989748001,77.7689971923828,0,47,220,42,00:04:05.0000000
Mine,0.620999991893768,0.778999984264374,-2.94300007820129,1,0.0300999991595745,0.00301999994553626,3.22000005326117E-06,0.187000006437302,0.670000016689301,121.033996582031,0,44,221,43,00:03:51.0000000
Our Song,0.545000016689301,0.662999987602234,-5.05000019073486,1,0.0362999998033047,0.114000000059605,0,0.321000009775162,0.564999997615814,178.013000488281,0,44,221,43,00:03:23.0000000
Beautiful Eyes - Live From Clear Channel Stripped 2008,0.626999974250793,0.703999996185303,-3.73900008201599,1,0.0269000008702278,0.596000015735626,0,0.059799998998642,0.456999987363815,98.9580001831055,0,44,221,43,00:02:56.0000000
Wildest Dreams,0.550000011920929,0.688000023365021,-7.41599988937378,1,0.089699998497963,0.0692000016570091,0.0014400000218302,0.105999998748302,0.465000003576279,139.996994018555,0,44,221,43,00:03:40.0000000
All Too Well,0.601999998092651,0.605000019073486,-7.80299997329712,1,0.0243999995291233,0.0447999984025955,0.000334000011207536,0.128000006079674,0.316000014543533,93.0609970092773,0,42,225,44,00:05:29.0000000
Love Story - Live From Clear Channel Stripped 2008,0.74099999666214,0.444000005722046,-7.0310001373291,1,0.0310999993234873,0.658999979496002,0,0.130999997258186,0.512000024318695,119.005996704102,0,42,225,44,00:03:41.0000000
I Knew You Were Trouble.,0.53600001335144,0.46399998664856,-6.76100015640259,1,0.0412000007927418,0.00475999992340803,2.66999995801598E-06,0.0357000008225441,0.665000021457672,77.318000793457,0,42,225,44,00:03:39.0000000
22,0.660000026226044,0.732999980449677,-6.56400012969971,1,0.0379000008106232,0.00254000001586974,0.00146000005770475,0.0472999997437,0.680000007152557,104.009002685547,0,41,228,45,00:03:52.0000000
Fearless - Live From Clear Channel Stripped 2008,0.623000025749207,0.266000002622604,-5.89400005340576,1,0.0260000005364418,0.814000010490417,0,0.144999995827675,0.467000007629395,96.6009979248047,0,41,228,45,00:03:18.0000000
Red,0.605000019073486,0.898999989032745,-4.27299976348877,0,0.0423000007867813,0.0778999999165535,0.000125000005937181,0.0910999998450279,0.647000014781952,124.985000610352,0,40,230,46,00:03:43.0000000
Mean,0.575999975204468,0.754000008106232,-3.98200011253357,1,0.0428000018000603,0.45100000500679,0,0.223000004887581,0.790000021457672,163.886001586914,0,39,231,47,00:03:58.0000000
Teardrops On My Guitar - Radio Single Remix,0.625999987125397,0.426999986171722,-6.99300003051758,1,0.0233999993652105,0.312999993562698,0,0.137999996542931,0.263000011444092,99.9589996337891,0,39,231,47,00:03:24.0000000
Untouchable - Live From Clear Channel Stripped 2008,0.731000006198883,0.184000000357628,-9.23499965667725,1,0.0417999997735024,0.856000006198883,0,0.0926999971270561,0.331000000238419,102.403999328613,0,38,233,48,00:03:42.0000000
Teardrops On My Guitar - Live From Clear Channel Stripped 2008,0.34400001168251,0.800999999046326,-5.3730001449585,1,0.0573999993503094,0.663999974727631,0,0.105999998748302,0.615000009536743,204.488998413086,0,37,234,49,00:03:16.0000000
How You Get The Girl,0.764999985694885,0.656000018119812,-6.11199998855591,1,0.0504000000655651,0.00364000000990927,0.00867999996989965,0.0917999967932701,0.545000016689301,119.997001647949,0,37,234,49,00:04:07.0000000
Picture To Burn - Live From Clear Channel Stripped 2008,0.647000014781952,0.871999979019165,-1.95299994945526,1,0.0524000003933907,0.266000002622604,0,0.418999999761581,0.684000015258789,105.797996520996,0,37,234,49,00:02:53.0000000
Sparks Fly,0.610000014305115,0.782000005245209,-2.98000001907349,1,0.0308999996632338,0.0410000011324883,0,0.159999996423721,0.398999989032745,114.976997375488,0,37,234,49,00:04:22.0000000
Should've Said No - Live From Clear Channel Stripped 2008,0.428999990224838,0.808000028133392,-3.00399994850159,1,0.0676999986171722,0.398999989032745,0,0.0883999988436699,0.437999993562698,171.537002563477,0,37,234,49,00:03:48.0000000
Haunted,0.430999994277954,0.949000000953674,-2.62199997901917,1,0.0604999996721745,0.064800001680851,0,0.0612000003457069,0.370000004768372,162.011993408203,0,36,239,50,00:04:05.0000000
The Best Day,0.669000029563904,0.448000013828278,-8.56599998474121,1,0.0285000000149012,0.638999998569489,4.05999981012428E-06,0.158000007271767,0.382999986410141,126.068000793457,0,36,239,50,00:04:06.0000000
Holy Ground,0.626999974250793,0.815999984741211,-6.69799995422363,1,0.0773999989032745,0.0162000004202127,0.00208000000566244,0.096500001847744,0.648000001907349,157.042999267578,0,36,239,50,00:03:22.0000000
Fifteen,0.550000011920929,0.628000020980835,-4.43699979782104,1,0.0269000008702278,0.0716999992728233,0,0.137999996542931,0.210999995470047,95.1220016479492,0,36,239,50,00:04:55.0000000
Never Grow Up,0.71399998664856,0.308999985456467,-8.82800006866455,1,0.0302000008523464,0.824000000953674,0,0.136000007390976,0.545000016689301,124.893997192383,0,35,243,51,00:04:52.0000000
Treacherous,0.703999996185303,0.620999991893768,-8.08600044250488,1,0.0333999991416931,0.101000003516674,4.30000000051223E-06,0.140000000596046,0.395000010728836,109.995002746582,0,34,244,52,00:04:02.0000000
State Of Grace,0.591000020503998,0.828000009059906,-5.89499998092651,1,0.0333000011742115,0.000184000004082918,0.00112999998964369,0.0878999978303909,0.382999986410141,129.962005615234,0,34,244,52,00:04:55.0000000
Change - Live From Clear Channel Stripped 2008,0.243000000715256,0.712000012397766,-4.30700016021729,1,0.0577000007033348,0.156000003218651,0,0.111000001430511,0.273000001907349,202.319000244141,0,34,244,52,00:04:18.0000000
